pier,model_x,model_y,footprint_m2,road_outside_median_m2,status,real_world_verified
UNVERIFIED_Pier_016,4419.99462890625,342.83013916015625,3.1058037877082825,3.1058037877082825,ROAD_OVERLAP_REVIEW,False
UNVERIFIED_Pier_017,4419.21044921875,348.7785949707031,3.1058037877082825,0.0,WITHIN_MODELED_MEDIAN,False
UNVERIFIED_Pier_020,4489.34033203125,356.1986083984375,3.1058037877082825,3.1058037877082825,ROAD_OVERLAP_REVIEW,False
UNVERIFIED_Pier_021,4487.98974609375,362.04449462890625,3.1058037877082825,0.0,WITHIN_MODELED_MEDIAN,False
UNVERIFIED_Pier_036,4763.50048828125,420.03338623046875,3.1058037877082825,3.1058037877082825,ROAD_OVERLAP_REVIEW,False
UNVERIFIED_Pier_037,4761.97314453125,425.83575439453125,3.1058037877082825,2.654718580837691,ROAD_OVERLAP_REVIEW,False
UNVERIFIED_Pier_042,4866.95751953125,433.8120422363281,3.1058037877082825,0.0,NO_MAPPED_ROAD_OVERLAP,False
UNVERIFIED_Pier_043,4866.57421875,439.7998046875,3.1058037877082825,0.0,NO_MAPPED_ROAD_OVERLAP,False
UNVERIFIED_Pier_048,4972.27001953125,435.27734375,3.1058037877082825,0.0,NO_MAPPED_ROAD_OVERLAP,False
UNVERIFIED_Pier_049,4972.28955078125,441.2773132324219,3.1058037877082825,0.0,NO_MAPPED_ROAD_OVERLAP,False
UNVERIFIED_Pier_054,5077.748046875,434.36956787109375,3.1058037877082825,0.0,NO_MAPPED_ROAD_OVERLAP,False
UNVERIFIED_Pier_055,5077.90673828125,440.3674011230469,3.1058037877082825,0.0,NO_MAPPED_ROAD_OVERLAP,False
UNVERIFIED_Pier_060,5182.98291015625,429.6501159667969,3.1058037877082825,0.0,NO_MAPPED_ROAD_OVERLAP,False
UNVERIFIED_Pier_061,5183.49365234375,435.62835693359375,3.1058037877082825,0.0,NO_MAPPED_ROAD_OVERLAP,False
UNVERIFIED_Pier_066,5287.14990234375,415.25958251953125,3.1058037877082825,0.0,NO_MAPPED_ROAD_OVERLAP,False
UNVERIFIED_Pier_067,5288.26513671875,421.15521240234375,3.1058037877082825,0.0,NO_MAPPED_ROAD_OVERLAP,False
UNVERIFIED_Pier_074,3158.332275390625,381.727783203125,3.105584904551506,3.105584904551506,ROAD_OVERLAP_REVIEW,False
UNVERIFIED_Pier_075,3158.767822265625,375.7436218261718,3.105584904551506,2.531457423570354,ROAD_OVERLAP_REVIEW,False
UNVERIFIED_Pier_078,3088.09521484375,378.335205078125,3.105584904551506,2.1431406739835595,ROAD_OVERLAP_REVIEW,False
UNVERIFIED_Pier_079,3088.08837890625,372.335205078125,3.105584904551506,3.105584904551506,ROAD_OVERLAP_REVIEW,False
UNVERIFIED_Pier_082,3017.6962890625,380.34103393554693,3.105584904551506,1.6991881423402697,ROAD_OVERLAP_REVIEW,False
UNVERIFIED_Pier_083,3017.443603515625,374.34637451171875,3.105584904551506,3.105584904551506,ROAD_OVERLAP_REVIEW,False
UNVERIFIED_Pier_086,2947.253662109375,383.74362182617193,3.105584904551506,3.105584904551506,ROAD_OVERLAP_REVIEW,False
UNVERIFIED_Pier_087,2946.926025390625,377.7525024414063,3.105584904551506,3.105584904551506,ROAD_OVERLAP_REVIEW,False
UNVERIFIED_Pier_090,2876.638916015625,386.2960815429688,3.105584904551506,3.105584904551506,ROAD_OVERLAP_REVIEW,False
UNVERIFIED_Pier_091,2876.51220703125,380.2973937988282,3.105584904551506,3.105584904551506,ROAD_OVERLAP_REVIEW,False
UNVERIFIED_Pier_094,2806.09130859375,387.7852172851563,3.105584904551506,3.105584904551506,ROAD_OVERLAP_REVIEW,False
UNVERIFIED_Pier_095,2805.964599609375,381.78659057617193,3.105584904551506,1.748504960226411,ROAD_OVERLAP_REVIEW,False
UNVERIFIED_Pier_098,2735.634521484375,389.345947265625,3.105584904551506,3.105584904551506,ROAD_OVERLAP_REVIEW,False
UNVERIFIED_Pier_099,2735.336181640625,383.3533325195313,3.105584904551506,0.0,WITHIN_MODELED_MEDIAN,False
UNVERIFIED_Pier_102,2665.158203125,392.8528442382813,3.105584904551506,3.105584904551506,ROAD_OVERLAP_REVIEW,False
UNVERIFIED_Pier_103,2664.860107421875,386.86032104492193,3.105584904551506,0.0,WITHIN_MODELED_MEDIAN,False
UNVERIFIED_Pier_106,2594.7353515625,396.88107299804693,3.105584904551506,3.105584904551506,ROAD_OVERLAP_REVIEW,False
UNVERIFIED_Pier_107,2594.38671875,390.8911743164063,3.105584904551506,3.105584904551506,ROAD_OVERLAP_REVIEW,False
UNVERIFIED_Pier_110,2524.7197265625,403.2793273925782,3.105584904551506,3.105584904551506,ROAD_OVERLAP_REVIEW,False
UNVERIFIED_Pier_111,2523.917236328125,397.3332824707032,3.105584904551506,3.105584904551506,ROAD_OVERLAP_REVIEW,False
UNVERIFIED_Pier_114,2455.245361328125,414.8031616210938,3.105584904551506,3.105584904551506,ROAD_OVERLAP_REVIEW,False
UNVERIFIED_Pier_115,2454.185302734375,408.8974914550782,3.105584904551506,3.105584904551506,ROAD_OVERLAP_REVIEW,False
UNVERIFIED_Pier_118,2387.587646484375,433.5051574707032,3.105584904551506,3.105584904551506,ROAD_OVERLAP_REVIEW,False
UNVERIFIED_Pier_119,2385.849365234375,427.7624816894532,3.105584904551506,3.105584904551506,ROAD_OVERLAP_REVIEW,False
UNVERIFIED_Pier_122,2320.014404296875,453.85031127929693,3.105584904551506,3.105584904551506,ROAD_OVERLAP_REVIEW,False
UNVERIFIED_Pier_123,2318.287353515625,448.10421752929693,3.105584904551506,3.105584904551506,ROAD_OVERLAP_REVIEW,False
UNVERIFIED_Pier_202,2282.232666015625,447.6338195800782,3.105584904551506,3.105584904551506,ROAD_OVERLAP_REVIEW,False
UNVERIFIED_Pier_203,2283.987548828125,453.3715209960937,3.105584904551506,3.105584904551506,ROAD_OVERLAP_REVIEW,False
UNVERIFIED_Pier_206,2349.96484375,426.9172973632813,3.105584904551506,3.105584904551506,ROAD_OVERLAP_REVIEW,False
UNVERIFIED_Pier_207,2351.7197265625,432.6549682617188,3.105584904551506,3.105584904551506,ROAD_OVERLAP_REVIEW,False
UNVERIFIED_Pier_210,2418.677490234375,409.1223449707032,3.105584904551506,3.105584904551506,ROAD_OVERLAP_REVIEW,False
UNVERIFIED_Pier_211,2420.103271484375,414.9504699707032,3.105584904551506,3.105584904551506,ROAD_OVERLAP_REVIEW,False
UNVERIFIED_Pier_214,2488.106689453125,394.28707885742193,3.105584904551506,3.105584904551506,ROAD_OVERLAP_REVIEW,False
UNVERIFIED_Pier_215,2489.169921875,400.19210815429693,3.105584904551506,3.105584904551506,ROAD_OVERLAP_REVIEW,False
UNVERIFIED_Pier_218,2558.525146484375,385.003173828125,3.105584904551506,3.105584904551506,ROAD_OVERLAP_REVIEW,False
UNVERIFIED_Pier_219,2559.1162109375,390.9739379882813,3.105584904551506,3.105584904551506,ROAD_OVERLAP_REVIEW,False
UNVERIFIED_Pier_234,2841.277587890625,366.79083251953125,3.105584904551506,3.105584904551506,ROAD_OVERLAP_REVIEW,False
UNVERIFIED_Pier_235,2841.786865234375,372.7692565917968,3.105584904551506,0.0,WITHIN_MODELED_MEDIAN,False
UNVERIFIED_Pier_238,2911.93701171875,361.47317504882807,3.105584904551506,3.105584904551506,ROAD_OVERLAP_REVIEW,False
UNVERIFIED_Pier_239,2912.386962890625,367.456298828125,3.105584904551506,0.0,WITHIN_MODELED_MEDIAN,False
UNVERIFIED_Pier_242,2982.722412109375,357.565673828125,3.105584904551506,3.105584904551506,ROAD_OVERLAP_REVIEW,False
UNVERIFIED_Pier_243,2983.042724609375,363.55712890625,3.105584904551506,0.0,WITHIN_MODELED_MEDIAN,False
UNVERIFIED_Pier_246,3053.57177734375,354.78216552734375,3.105584904551506,3.105584904551506,ROAD_OVERLAP_REVIEW,False
UNVERIFIED_Pier_247,3053.730224609375,360.780029296875,3.105584904551506,0.0,WITHIN_MODELED_MEDIAN,False
UNVERIFIED_Pier_250,3124.5546875,355.3046875,3.105584904551506,3.105584904551506,ROAD_OVERLAP_REVIEW,False
UNVERIFIED_Pier_251,3124.330078125,361.3005065917968,3.105584904551506,0.0,WITHIN_MODELED_MEDIAN,False
UNVERIFIED_Pier_254,3195.174072265625,364.0004577636718,3.105584904551506,3.105584904551506,ROAD_OVERLAP_REVIEW,False
UNVERIFIED_Pier_255,3194.282958984375,369.9338073730468,3.105584904551506,0.0,WITHIN_MODELED_MEDIAN,False
UNVERIFIED_Pier_259,5673.21435546875,464.6096496582031,3.1058037877082825,0.0,NO_MAPPED_ROAD_OVERLAP,False
UNVERIFIED_Pier_280,1337.798828125,728.0443725585939,3.105818673968315,3.105818673968315,ROAD_OVERLAP_REVIEW,False
UNVERIFIED_Pier_281,1337.4451904296873,722.0547485351562,3.105818673968315,0.0,WITHIN_MODELED_MEDIAN,False
UNVERIFIED_Pier_282,1302.7940673828125,730.1119384765625,3.105818673968315,3.105818673968315,ROAD_OVERLAP_REVIEW,False
UNVERIFIED_Pier_283,1302.4403076171873,724.1224975585939,3.105818673968315,0.0,WITHIN_MODELED_MEDIAN,False
UNVERIFIED_Pier_288,1197.7796630859377,736.3148803710939,3.105818673968315,3.105818673968315,ROAD_OVERLAP_REVIEW,False
UNVERIFIED_Pier_289,1197.4259033203125,730.3252563476562,3.105818673968315,3.105818673968315,ROAD_OVERLAP_REVIEW,False
UNVERIFIED_Pier_294,1093.2020263671873,744.6162719726562,3.105818673968315,3.105818673968315,ROAD_OVERLAP_REVIEW,False
UNVERIFIED_Pier_295,1092.3199462890625,738.6815795898439,3.105818673968315,0.0,WITHIN_MODELED_MEDIAN,False
UNVERIFIED_Pier_306,886.4453735351564,783.0196533203125,3.1058287173509598,3.1058287173509598,ROAD_OVERLAP_REVIEW,False
UNVERIFIED_Pier_307,885.4285888671875,777.1065063476564,3.1058287173509598,0.0,WITHIN_MODELED_MEDIAN,False
UNVERIFIED_Pier_310,817.3285522460938,794.9066772460938,3.1058287173509598,3.1058287173509598,ROAD_OVERLAP_REVIEW,False
UNVERIFIED_Pier_312,0.043346826317748666,963.7803955078124,3.1058286088327804,0.0,NO_MAPPED_ROAD_OVERLAP,False
UNVERIFIED_Pier_313,0.8966531830956179,969.7196044921874,3.105828668567483,0.0,NO_MAPPED_ROAD_OVERLAP,False
UNVERIFIED_Pier_318,107.5112762451172,945.4711303710934,3.1058328058570623,0.0,NO_MAPPED_ROAD_OVERLAP,False
UNVERIFIED_Pier_319,108.62255859375001,951.3672485351565,3.1058328058570623,0.0,NO_MAPPED_ROAD_OVERLAP,False
UNVERIFIED_Pier_324,211.78526306152347,915.5067138671876,3.1058328058570623,0.0,NO_MAPPED_ROAD_OVERLAP,False
UNVERIFIED_Pier_325,213.8875427246094,921.1263427734376,3.1058328058570623,0.0,NO_MAPPED_ROAD_OVERLAP,False
UNVERIFIED_Pier_330,315.3680114746093,880.5535888671874,3.10580637678504,0.0,NO_MAPPED_ROAD_OVERLAP,False
UNVERIFIED_Pier_331,317.0461120605468,886.3140258789061,3.10580637678504,0.0,NO_MAPPED_ROAD_OVERLAP,False
UNVERIFIED_Pier_336,420.2724914550782,850.0262451171875,3.10580637678504,0.0,NO_MAPPED_ROAD_OVERLAP,False
UNVERIFIED_Pier_337,421.7881164550782,855.8315429687499,3.10580637678504,0.0,NO_MAPPED_ROAD_OVERLAP,False
UNVERIFIED_Pier_338,455.4829711914063,840.8335571289061,3.10580637678504,0.0,NO_MAPPED_ROAD_OVERLAP,False
UNVERIFIED_Pier_339,456.99871826171875,846.6390991210939,3.10580637678504,0.0,NO_MAPPED_ROAD_OVERLAP,False
UNVERIFIED_Pier_340,490.6935729980468,831.6411132812499,3.10580637678504,0.0,NO_MAPPED_ROAD_OVERLAP,False
UNVERIFIED_Pier_341,492.209228515625,837.4464111328126,3.10580637678504,0.0,NO_MAPPED_ROAD_OVERLAP,False
UNVERIFIED_Pier_342,526.5347290039061,824.2730712890626,3.1058287173509598,0.0,NO_MAPPED_ROAD_OVERLAP,False
UNVERIFIED_Pier_343,527.6216430664061,830.1738891601564,3.1058287173509598,0.0,NO_MAPPED_ROAD_OVERLAP,False
UNVERIFIED_Pier_344,562.3233032226561,817.680908203125,3.1058287173509598,3.1058287173509598,ROAD_OVERLAP_REVIEW,False
UNVERIFIED_Pier_345,563.4102172851561,823.5816040039064,3.1058287173509598,3.1058287173509598,ROAD_OVERLAP_REVIEW,False
UNVERIFIED_Pier_346,598.1119995117188,811.088623046875,3.1058287173509598,3.1058287173509598,ROAD_OVERLAP_REVIEW,False
UNVERIFIED_Pier_347,599.1989135742188,816.9893188476564,3.1058287173509598,3.1058287173509598,ROAD_OVERLAP_REVIEW,False
UNVERIFIED_Pier_348,633.900634765625,804.4964599609375,3.1058287173509598,3.1058287173509598,ROAD_OVERLAP_REVIEW,False
UNVERIFIED_Pier_349,634.987548828125,810.3970336914064,3.1058287173509598,0.23801781180784604,ROAD_OVERLAP_REVIEW,False
UNVERIFIED_Pier_350,669.6892700195312,797.9041748046875,3.1058287173509598,3.1058287173509598,ROAD_OVERLAP_REVIEW,False
UNVERIFIED_Pier_351,670.7761840820312,803.8048095703125,3.1058287173509598,0.9127126683722829,ROAD_OVERLAP_REVIEW,False
UNVERIFIED_Pier_352,705.4779663085938,791.3119506835938,3.1058287173509598,3.1058287173509598,ROAD_OVERLAP_REVIEW,False
UNVERIFIED_Pier_353,706.5648803710938,797.2126464843749,3.1058287173509598,1.7399321807762385,ROAD_OVERLAP_REVIEW,False
UNVERIFIED_Pier_357,5349.69970703125,413.07086181640625,3.1058037877082825,0.0,NO_MAPPED_ROAD_OVERLAP,False
UNVERIFIED_Pier_362,5247.203125,437.5956726074219,3.1058037877082825,0.0,NO_MAPPED_ROAD_OVERLAP,False
UNVERIFIED_Pier_363,5246.19140625,431.68157958984375,3.1058037877082825,0.0,NO_MAPPED_ROAD_OVERLAP,False
UNVERIFIED_Pier_368,5142.11328125,447.0940246582031,3.1058037877082825,0.0,NO_MAPPED_ROAD_OVERLAP,False
UNVERIFIED_Pier_369,5141.84033203125,441.10015869140625,3.1058037877082825,0.0,NO_MAPPED_ROAD_OVERLAP,False
UNVERIFIED_Pier_374,5036.83935546875,449.4846496582031,3.1058037877082825,0.0,NO_MAPPED_ROAD_OVERLAP,False
UNVERIFIED_Pier_375,5036.75927734375,443.48529052734375,3.1058037877082825,0.0,NO_MAPPED_ROAD_OVERLAP,False
UNVERIFIED_Pier_380,4931.63232421875,450.8778991699219,3.1058037877082825,0.0,NO_MAPPED_ROAD_OVERLAP,False
UNVERIFIED_Pier_381,4931.55224609375,444.8783874511719,3.1058037877082825,0.0,NO_MAPPED_ROAD_OVERLAP,False
UNVERIFIED_Pier_386,4826.322265625,444.78668212890625,3.1058037877082825,0.0,WITHIN_MODELED_MEDIAN,False
UNVERIFIED_Pier_387,4827.19091796875,438.8498840332031,3.1058037877082825,1.5149586616724189,ROAD_OVERLAP_REVIEW,False
UNVERIFIED_Pier_392,4722.45654296875,426.9399719238281,3.1058037877082825,3.1058037877082825,ROAD_OVERLAP_REVIEW,False
UNVERIFIED_Pier_393,4723.74658203125,421.0805358886719,3.1058037877082825,0.0,WITHIN_MODELED_MEDIAN,False
UNVERIFIED_Pier_394,4688.205078125,419.3933410644531,3.1058037877082825,3.1058037877082825,ROAD_OVERLAP_REVIEW,False
UNVERIFIED_Pier_395,4689.49658203125,413.5339050292969,3.1058037877082825,0.0,WITHIN_MODELED_MEDIAN,False
UNVERIFIED_Pier_396,4653.95458984375,411.84674072265625,3.1058037877082825,3.1058037877082825,ROAD_OVERLAP_REVIEW,False
UNVERIFIED_Pier_397,4655.24560546875,405.9873046875,3.1058037877082825,0.0,WITHIN_MODELED_MEDIAN,False
UNVERIFIED_Pier_398,4619.70361328125,404.3001708984375,3.1058037877082825,3.1058037877082825,ROAD_OVERLAP_REVIEW,False
UNVERIFIED_Pier_399,4620.99560546875,398.4407043457031,3.1058037877082825,0.0,WITHIN_MODELED_MEDIAN,False
UNVERIFIED_Pier_400,4585.45361328125,396.75360107421875,3.1058037877082825,3.1058037877082825,ROAD_OVERLAP_REVIEW,False
UNVERIFIED_Pier_401,4586.74462890625,390.8940734863281,3.1058037877082825,0.0,WITHIN_MODELED_MEDIAN,False
UNVERIFIED_Pier_402,4551.18701171875,389.4211730957031,3.1058037877082825,3.1058037877082825,ROAD_OVERLAP_REVIEW,False
UNVERIFIED_Pier_403,4552.42041015625,383.5492858886719,3.1058037877082825,0.0,WITHIN_MODELED_MEDIAN,False
UNVERIFIED_Pier_404,4516.86376953125,382.2126770019531,3.1058037877082825,3.1058037877082825,ROAD_OVERLAP_REVIEW,False
UNVERIFIED_Pier_405,4518.09716796875,376.3408203125,3.1058037877082825,0.0,WITHIN_MODELED_MEDIAN,False
UNVERIFIED_Pier_408,4448.24853515625,369.1070556640625,3.1058037877082825,3.1058037877082825,ROAD_OVERLAP_REVIEW,False
UNVERIFIED_Pier_409,4448.93115234375,363.1460266113281,3.1058037877082825,3.1058037877082825,ROAD_OVERLAP_REVIEW,False
UNVERIFIED_Pier_412,4378.599609375,362.28411865234375,3.1058037877082825,3.1058037877082825,ROAD_OVERLAP_REVIEW,False
UNVERIFIED_Pier_413,4378.99609375,356.2971496582031,3.1058037877082825,3.1058037877082825,ROAD_OVERLAP_REVIEW,False
UNVERIFIED_Pier_414,4343.916015625,360.7277526855469,3.1058037877082825,3.1058037877082825,ROAD_OVERLAP_REVIEW,False
UNVERIFIED_Pier_415,4343.66943359375,354.73284912109375,3.1058037877082825,3.1058037877082825,ROAD_OVERLAP_REVIEW,False
UNVERIFIED_Pier_416,4308.87353515625,362.1691589355469,3.1058037877082825,3.1058037877082825,ROAD_OVERLAP_REVIEW,False
UNVERIFIED_Pier_417,4308.626953125,356.17425537109375,3.1058037877082825,3.1058037877082825,ROAD_OVERLAP_REVIEW,False
UNVERIFIED_Pier_418,4274.00927734375,364.7056884765625,3.1058037877082825,3.1058037877082825,ROAD_OVERLAP_REVIEW,False
UNVERIFIED_Pier_419,4273.53857421875,358.7241516113281,3.1058037877082825,3.1058037877082825,ROAD_OVERLAP_REVIEW,False
UNVERIFIED_Pier_420,4239.08740234375,367.5829772949219,3.1058037877082825,3.1058037877082825,ROAD_OVERLAP_REVIEW,False
UNVERIFIED_Pier_421,4238.55419921875,361.606689453125,3.1058037877082825,3.1058037877082825,ROAD_OVERLAP_REVIEW,False
UNVERIFIED_Pier_422,4204.15380859375,370.6982727050781,3.1058037877082825,3.1058037877082825,ROAD_OVERLAP_REVIEW,False
UNVERIFIED_Pier_423,4203.62060546875,364.7219543457031,3.1058037877082825,3.1029138987154408,ROAD_OVERLAP_REVIEW,False
UNVERIFIED_Pier_424,4169.40380859375,374.3378601074219,3.1058037877082825,3.1058037877082825,ROAD_OVERLAP_REVIEW,False
UNVERIFIED_Pier_425,4168.62255859375,368.3888854980469,3.1058037877082825,0.19376216535601126,ROAD_OVERLAP_REVIEW,False
UNVERIFIED_Pier_426,4134.62939453125,378.903564453125,3.1058037877082825,3.1058037877082825,ROAD_OVERLAP_REVIEW,False
UNVERIFIED_Pier_427,4133.84814453125,372.9546203613281,3.1058037877082825,0.0,WITHIN_MODELED_MEDIAN,False
UNVERIFIED_Pier_428,4099.85595703125,383.4692687988281,3.1058037877082825,3.1058037877082825,ROAD_OVERLAP_REVIEW,False
UNVERIFIED_Pier_429,4099.07470703125,377.52032470703125,3.1058037877082825,3.1058037877082825,ROAD_OVERLAP_REVIEW,False
UNVERIFIED_Pier_430,4065.08251953125,388.0350341796875,3.105584904551506,3.105584904551506,ROAD_OVERLAP_REVIEW,False
UNVERIFIED_Pier_431,4064.30126953125,382.0861206054688,3.105584904551506,0.0,WITHIN_MODELED_MEDIAN,False
UNVERIFIED_Pier_432,4030.3088378906255,392.6007690429688,3.105584904551506,3.105584904551506,ROAD_OVERLAP_REVIEW,False
UNVERIFIED_Pier_433,4029.5275878906255,386.65182495117193,3.105584904551506,0.0,WITHIN_MODELED_MEDIAN,False
UNVERIFIED_Pier_434,3995.5354003906255,397.16647338867193,3.105584904551506,3.105584904551506,ROAD_OVERLAP_REVIEW,False
UNVERIFIED_Pier_435,3994.7541503906255,391.217529296875,3.105584904551506,0.0,WITHIN_MODELED_MEDIAN,False
UNVERIFIED_Pier_438,3925.86572265625,405.73095703125,3.105584904551506,3.105584904551506,ROAD_OVERLAP_REVIEW,False
UNVERIFIED_Pier_439,3925.1889648437495,399.769287109375,3.105584904551506,3.105584904551506,ROAD_OVERLAP_REVIEW,False
UNVERIFIED_Pier_440,3891.0178222656236,409.6898193359375,3.105584904551506,3.105584904551506,ROAD_OVERLAP_REVIEW,False
UNVERIFIED_Pier_441,3890.34033203125,403.7281494140625,3.105584904551506,0.0,WITHIN_MODELED_MEDIAN,False
UNVERIFIED_Pier_458,3576.27001953125,429.802001953125,3.105584904551506,3.105584904551506,ROAD_OVERLAP_REVIEW,False
UNVERIFIED_Pier_459,3577.05419921875,423.8533020019532,3.105584904551506,0.0,WITHIN_MODELED_MEDIAN,False
UNVERIFIED_Pier_460,3541.4982910156255,425.22433471679693,3.105584904551506,3.105584904551506,ROAD_OVERLAP_REVIEW,False
UNVERIFIED_Pier_464,5751.72314453125,535.64697265625,3.1058261394500732,0.0,NO_MAPPED_ROAD_OVERLAP,False
UNVERIFIED_Pier_465,5746.5126953125,538.623291015625,3.1058261394500732,0.0,NO_MAPPED_ROAD_OVERLAP,False
UNVERIFIED_Pier_470,5807.751953125,639.6148071289062,3.1058261394500732,0.0,NO_MAPPED_ROAD_OVERLAP,False
UNVERIFIED_Pier_471,5802.46533203125,642.4522094726562,3.1058261394500732,0.0,NO_MAPPED_ROAD_OVERLAP,False
UNVERIFIED_Pier_472,5826.357421875,674.2797241210938,3.1058261394500732,0.0,NO_MAPPED_ROAD_OVERLAP,False
UNVERIFIED_Pier_476,5867.05810546875,740.2704467773438,3.1058261394500732,0.0,NO_MAPPED_ROAD_OVERLAP,False
UNVERIFIED_Pier_477,5862.60205078125,744.28955078125,3.1058261394500732,0.0,NO_MAPPED_ROAD_OVERLAP,False
UNVERIFIED_Pier_492,370.23092651367176,881.0048217773439,3.10580637678504,0.0,NO_MAPPED_ROAD_OVERLAP,False
UNVERIFIED_Pier_493,369.05358886718744,875.1214599609375,3.10580637678504,0.0,NO_MAPPED_ROAD_OVERLAP,False
UNVERIFIED_Pier_498,269.4468078613282,911.2499389648436,3.10580637678504,0.0,NO_MAPPED_ROAD_OVERLAP,False
UNVERIFIED_Pier_499,267.3287658691407,905.6361694335939,3.10580637678504,0.0,NO_MAPPED_ROAD_OVERLAP,False
UNVERIFIED_Pier_504,169.66343688964844,946.8956298828124,3.1058328058570623,0.0,NO_MAPPED_ROAD_OVERLAP,False
UNVERIFIED_Pier_505,167.79766845703122,941.1932373046873,3.1058328058570623,0.0,NO_MAPPED_ROAD_OVERLAP,False
UNVERIFIED_Pier_510,66.0582046508789,970.0284423828124,3.1058328058570623,0.0,NO_MAPPED_ROAD_OVERLAP,False
UNVERIFIED_Pier_511,64.89293670654297,964.1427001953124,3.1058328058570623,0.0,NO_MAPPED_ROAD_OVERLAP,False
UNVERIFIED_Pier_518,849.4542236328125,769.6283569335938,3.1058287173509598,3.1058287173509598,ROAD_OVERLAP_REVIEW,False
UNVERIFIED_Pier_519,850.4009399414064,775.5531616210938,3.1058287173509598,3.1058287173509598,ROAD_OVERLAP_REVIEW,False
UNVERIFIED_Pier_522,921.5497436523436,758.10986328125,3.1058287173509598,3.1058287173509598,ROAD_OVERLAP_REVIEW,False
UNVERIFIED_Pier_523,922.4962158203125,764.0347290039064,3.1058287173509598,0.0,WITHIN_MODELED_MEDIAN,False
UNVERIFIED_Pier_524,957.5626220703125,752.2216796875,3.1058287173509598,3.1058287173509598,ROAD_OVERLAP_REVIEW,False
UNVERIFIED_Pier_525,958.5361328125001,758.1421508789064,3.1058287173509598,0.0,WITHIN_MODELED_MEDIAN,False
UNVERIFIED_Pier_526,993.3065185546874,745.3995361328125,3.1058287173509598,3.1058287173509598,ROAD_OVERLAP_REVIEW,False
UNVERIFIED_Pier_527,994.49755859375,751.2802124023438,3.1058287173509598,0.0,WITHIN_MODELED_MEDIAN,False
UNVERIFIED_Pier_528,1029.0927734375,738.1542358398439,3.105818673968315,3.105818673968315,ROAD_OVERLAP_REVIEW,False
UNVERIFIED_Pier_529,1030.2690429687502,744.0376586914062,3.105818673968315,3.105818673968315,ROAD_OVERLAP_REVIEW,False
UNVERIFIED_Pier_534,1137.6199951171873,721.7642822265625,3.105818673968315,3.105818673968315,ROAD_OVERLAP_REVIEW,False
UNVERIFIED_Pier_535,1138.1243896484377,727.7431030273439,3.105818673968315,0.0,NO_MAPPED_ROAD_OVERLAP,False
UNVERIFIED_Pier_540,1246.9932861328125,714.978271484375,3.105818673968315,3.105818673968315,ROAD_OVERLAP_REVIEW,False
UNVERIFIED_Pier_541,1247.3560791015625,720.9672851562501,3.105818673968315,0.0,WITHIN_MODELED_MEDIAN,False
UNVERIFIED_Pier_577,5828.6455078125,679.1126098632812,3.1058261394500732,0.0,NO_MAPPED_ROAD_OVERLAP,False
UNVERIFIED_Pier_582,5769.10888671875,581.7764282226562,3.1058261394500732,0.0,NO_MAPPED_ROAD_OVERLAP,False
UNVERIFIED_Pier_583,5774.384765625,578.919189453125,3.1058261394500732,0.0,NO_MAPPED_ROAD_OVERLAP,False
UNVERIFIED_Pier_598,-483.650634765625,1012.3168334960936,3.10580637678504,0.0,NO_MAPPED_ROAD_OVERLAP,False
UNVERIFIED_Pier_621,-272.82836914062506,1023.0922851562499,3.10580637678504,0.0,NO_MAPPED_ROAD_OVERLAP,False
UNVERIFIED_Pier_623,742.1947631835938,790.6451416015626,3.1058287173509598,2.6292790042258956,ROAD_OVERLAP_REVIEW,False
UNVERIFIED_Pier_624,777.4603271484375,780.0347290039064,3.1058287173509598,3.1058287173509598,ROAD_OVERLAP_REVIEW,False
UNVERIFIED_Pier_625,778.229736328125,785.9852905273438,3.1058287173509598,0.2811070498540447,ROAD_OVERLAP_REVIEW,False
UNVERIFIED_Pier_642,3305.7265625,379.1428527832032,3.105584904551506,3.105584904551506,ROAD_OVERLAP_REVIEW,False
UNVERIFIED_Pier_643,3304.94873046875,385.0921630859375,3.105584904551506,0.0,WITHIN_MODELED_MEDIAN,False
UNVERIFIED_Pier_648,3419.107666015625,393.97409057617193,3.105584904551506,3.105584904551506,ROAD_OVERLAP_REVIEW,False
UNVERIFIED_Pier_649,3418.329833984375,399.9233703613282,3.105584904551506,0.0,WITHIN_MODELED_MEDIAN,False
UNVERIFIED_Pier_658,3506.75146484375,421.10470581054693,3.105584904551506,3.105584904551506,ROAD_OVERLAP_REVIEW,False
UNVERIFIED_Pier_659,3507.45751953125,415.14645385742193,3.105584904551506,0.0,WITHIN_MODELED_MEDIAN,False
UNVERIFIED_Pier_660,3471.96533203125,416.9802551269532,3.105584904551506,3.105584904551506,ROAD_OVERLAP_REVIEW,False
UNVERIFIED_Pier_661,3472.672119140625,411.02197265625,3.105584904551506,0.0,WITHIN_MODELED_MEDIAN,False
UNVERIFIED_Pier_666,3367.609130859375,404.60690307617193,3.105584904551506,3.105584904551506,ROAD_OVERLAP_REVIEW,False
UNVERIFIED_Pier_667,3368.31591796875,398.64865112304693,3.105584904551506,3.105584904551506,ROAD_OVERLAP_REVIEW,False
UNVERIFIED_Pier_672,3263.252197265625,392.23361206054693,3.105584904551506,3.105584904551506,ROAD_OVERLAP_REVIEW,False
UNVERIFIED_Pier_673,3263.958740234375,386.2753295898438,3.105584904551506,0.0,WITHIN_MODELED_MEDIAN,False
UNVERIFIED_Pier_674,3228.466796875,388.109130859375,3.105584904551506,3.105584904551506,ROAD_OVERLAP_REVIEW,False
UNVERIFIED_Pier_680,5699.0205078125,498.4247741699219,3.1058037877082825,0.0,NO_MAPPED_ROAD_OVERLAP,False
UNVERIFIED_Pier_681,5702.27734375,493.3852844238281,3.1058037877082825,0.0,NO_MAPPED_ROAD_OVERLAP,False
UNVERIFIED_Pier_684,5632.37158203125,467.92926025390625,3.1058037877082825,0.0,NO_MAPPED_ROAD_OVERLAP,False
UNVERIFIED_Pier_685,5634.66748046875,462.3855285644531,3.1058037877082825,0.0,NO_MAPPED_ROAD_OVERLAP,False
UNVERIFIED_Pier_688,5564.0498046875,439.6447448730469,3.1058037877082825,0.0,NO_MAPPED_ROAD_OVERLAP,False
UNVERIFIED_Pier_689,5566.34423828125,434.1010437011719,3.1058037877082825,0.0,NO_MAPPED_ROAD_OVERLAP,False
UNVERIFIED_Pier_692,5495.23779296875,413.90191650390625,3.1058037877082825,0.0,NO_MAPPED_ROAD_OVERLAP,False
UNVERIFIED_Pier_693,5496.8017578125,408.1095886230469,3.1058037877082825,0.0,NO_MAPPED_ROAD_OVERLAP,False
UNVERIFIED_Pier_694,5459.84375,405.8664855957031,3.1058037877082825,0.0,NO_MAPPED_ROAD_OVERLAP,False
UNVERIFIED_Pier_695,5460.37841796875,399.8903503417969,3.1058037877082825,0.0,NO_MAPPED_ROAD_OVERLAP,False
UNVERIFIED_Pier_700,5350.80078125,418.9689636230469,3.1058037877082825,0.0,NO_MAPPED_ROAD_OVERLAP,False
UNVERIFIED_Pier_706,5394.05126953125,396.1672058105469,3.1058037877082825,0.0,NO_MAPPED_ROAD_OVERLAP,False
UNVERIFIED_Pier_707,5394.98193359375,402.09454345703125,3.1058037877082825,0.0,NO_MAPPED_ROAD_OVERLAP,False
UNVERIFIED_Pier_714,5539.49609375,404.9656066894531,3.1058037877082825,0.0,NO_MAPPED_ROAD_OVERLAP,False
UNVERIFIED_Pier_715,5537.27783203125,410.5404968261719,3.1058037877082825,0.0,NO_MAPPED_ROAD_OVERLAP,False
UNVERIFIED_Pier_718,5607.6220703125,432.07415771484375,3.1058037877082825,0.0,NO_MAPPED_ROAD_OVERLAP,False
UNVERIFIED_Pier_719,5605.404296875,437.6489562988281,3.1058037877082825,0.0,NO_MAPPED_ROAD_OVERLAP,False
UNVERIFIED_Pier_726,3603.8044433593745,415.9176635742188,3.105584904551506,3.105584904551506,ROAD_OVERLAP_REVIEW,False
UNVERIFIED_Pier_727,3603.51416015625,421.91061401367193,3.105584904551506,0.0,WITHIN_MODELED_MEDIAN,False
UNVERIFIED_Pier_728,3639.5209960937495,416.910400390625,3.105584904551506,3.105584904551506,ROAD_OVERLAP_REVIEW,False
UNVERIFIED_Pier_729,3639.68603515625,422.9081420898438,3.105584904551506,1.8767507940580106,ROAD_OVERLAP_REVIEW,False
UNVERIFIED_Pier_730,3675.3869628906255,415.5393676757813,3.105584904551506,3.105584904551506,ROAD_OVERLAP_REVIEW,False
UNVERIFIED_Pier_731,3675.69189453125,421.5316772460938,3.105584904551506,0.0,WITHIN_MODELED_MEDIAN,False
UNVERIFIED_Pier_732,3711.0544433593745,412.8064270019532,3.105584904551506,3.105584904551506,ROAD_OVERLAP_REVIEW,False
UNVERIFIED_Pier_733,3711.7131347656236,418.7700805664063,3.105584904551506,0.0,WITHIN_MODELED_MEDIAN,False
UNVERIFIED_Pier_734,3746.80126953125,408.857177734375,3.105584904551506,3.105584904551506,ROAD_OVERLAP_REVIEW,False
UNVERIFIED_Pier_735,3747.4606933593745,414.8208618164063,3.105584904551506,0.0,NO_MAPPED_ROAD_OVERLAP,False
UNVERIFIED_Pier_736,3782.5490722656236,404.90792846679693,3.105584904551506,3.09512310969434,ROAD_OVERLAP_REVIEW,False
UNVERIFIED_Pier_737,3783.20751953125,410.8716125488282,3.105584904551506,0.0,WITHIN_MODELED_MEDIAN,False
UNVERIFIED_Pier_738,3818.2131347656236,400.5797729492188,3.105584904551506,3.0150945351985214,ROAD_OVERLAP_REVIEW,False
UNVERIFIED_Pier_739,3818.9489746093745,406.5344848632813,3.105584904551506,0.0,NO_MAPPED_ROAD_OVERLAP,False
