span_id,decks,start_piers,end_piers,plan_length_m,sampled_min_clearance_m,deck_top_z_min,deck_top_z_max,flags,real_world_verified
SPAN_MODEL_000,DECK_48776359,UNVERIFIED_Pier_017|UNVERIFIED_Pier_016,UNVERIFIED_Pier_020|UNVERIFIED_Pier_021,70.37093708072666,5.41999626159668,7.999992370605469,8.000015258789062,long_gap_check_missing_supports|ground_surface_missing_at_some_samples,False
SPAN_MODEL_001,DECK_48776359,UNVERIFIED_Pier_020|UNVERIFIED_Pier_021,UNVERIFIED_Pier_037|UNVERIFIED_Pier_036,281.4826572130047,5.41999626159668,7.999992370605469,8.000015258789062,long_gap_check_missing_supports,False
SPAN_MODEL_002,DECK_48776359,UNVERIFIED_Pier_037|UNVERIFIED_Pier_036,UNVERIFIED_Pier_042|UNVERIFIED_Pier_043,105.55634369128813,5.599996566772461,7.9999847412109375,8.000007629394531,long_gap_check_missing_supports|ground_surface_missing_at_some_samples,False
SPAN_MODEL_003,DECK_48776359,UNVERIFIED_Pier_042|UNVERIFIED_Pier_043,UNVERIFIED_Pier_048|UNVERIFIED_Pier_049,105.55630907681996,,7.9999847412109375,8.000007629394531,long_gap_check_missing_supports|ground_surface_missing_at_some_samples,False
SPAN_MODEL_004,DECK_48776359,UNVERIFIED_Pier_048|UNVERIFIED_Pier_049,UNVERIFIED_Pier_055|UNVERIFIED_Pier_054,105.55669497420786,,7.9999847412109375,8.000015258789062,long_gap_check_missing_supports|ground_surface_missing_at_some_samples,False
SPAN_MODEL_005,DECK_48776359,UNVERIFIED_Pier_055|UNVERIFIED_Pier_054,UNVERIFIED_Pier_061|UNVERIFIED_Pier_060,105.55587964744257,,7.999992370605469,8.000007629394531,long_gap_check_missing_supports|ground_surface_missing_at_some_samples,False
SPAN_MODEL_006,DECK_48776359,UNVERIFIED_Pier_061|UNVERIFIED_Pier_060,UNVERIFIED_Pier_066|UNVERIFIED_Pier_067,105.55634423214656,,7.999992370605469,8.000007629394531,long_gap_check_missing_supports|ground_surface_missing_at_some_samples,False
SPAN_MODEL_007,DECK_48776360,UNVERIFIED_Pier_674,UNVERIFIED_Pier_074|UNVERIFIED_Pier_075,70.49715074643642,5.599998474121094,7.999992370605469,8.000015258789062,ambiguous_pier_to_deck_assignment|long_gap_check_missing_supports|ground_surface_missing_at_some_samples,False
SPAN_MODEL_008,DECK_48776360,UNVERIFIED_Pier_074|UNVERIFIED_Pier_075,UNVERIFIED_Pier_078|UNVERIFIED_Pier_079,70.5641070698635,5.599994659423828,7.999992370605469,8.000007629394531,long_gap_check_missing_supports|ground_surface_missing_at_some_samples,False
SPAN_MODEL_009,DECK_48776360,UNVERIFIED_Pier_078|UNVERIFIED_Pier_079,UNVERIFIED_Pier_082|UNVERIFIED_Pier_083,70.56379313772305,5.599994659423828,7.999992370605469,8.000007629394531,long_gap_check_missing_supports|ground_surface_missing_at_some_samples,False
SPAN_MODEL_010,DECK_48776360,UNVERIFIED_Pier_082|UNVERIFIED_Pier_083,UNVERIFIED_Pier_086|UNVERIFIED_Pier_087,70.56352989736496,5.599998474121094,7.9999847412109375,8.000015258789062,long_gap_check_missing_supports|ground_surface_missing_at_some_samples,False
SPAN_MODEL_011,DECK_48776360,UNVERIFIED_Pier_086|UNVERIFIED_Pier_087,UNVERIFIED_Pier_091|UNVERIFIED_Pier_090,70.5634075222602,5.599996566772461,7.9999847412109375,8.000015258789062,long_gap_check_missing_supports|ground_surface_missing_at_some_samples,False
SPAN_MODEL_012,DECK_48776360,UNVERIFIED_Pier_091|UNVERIFIED_Pier_090,UNVERIFIED_Pier_095|UNVERIFIED_Pier_094,70.56332281934124,5.599996566772461,7.999992370605469,8.000007629394531,long_gap_check_missing_supports,False
SPAN_MODEL_013,DECK_48776360,UNVERIFIED_Pier_095|UNVERIFIED_Pier_094,UNVERIFIED_Pier_098|UNVERIFIED_Pier_099,70.56382098561653,5.599998474121094,7.9999847412109375,8.000007629394531,long_gap_check_missing_supports,False
SPAN_MODEL_014,DECK_48776360,UNVERIFIED_Pier_098|UNVERIFIED_Pier_099,UNVERIFIED_Pier_103|UNVERIFIED_Pier_102,70.5633962520642,5.599996566772461,7.9999847412109375,8.000007629394531,long_gap_check_missing_supports,False
SPAN_MODEL_015,DECK_48776360,UNVERIFIED_Pier_103|UNVERIFIED_Pier_102,UNVERIFIED_Pier_107|UNVERIFIED_Pier_106,70.56354760126749,5.599994659423828,7.9999847412109375,8.000015258789062,long_gap_check_missing_supports|ground_surface_missing_at_some_samples,False
SPAN_MODEL_016,DECK_48776360,UNVERIFIED_Pier_107|UNVERIFIED_Pier_106,UNVERIFIED_Pier_110|UNVERIFIED_Pier_111,70.56355695092088,5.599994659423828,7.999992370605469,8.000015258789062,long_gap_check_missing_supports,False
SPAN_MODEL_017,DECK_48776360,UNVERIFIED_Pier_110|UNVERIFIED_Pier_111,UNVERIFIED_Pier_115|UNVERIFIED_Pier_114,70.56378743403013,5.599996566772461,7.999992370605469,8.000015258789062,long_gap_check_missing_supports,False
SPAN_MODEL_018,DECK_48776360,UNVERIFIED_Pier_115|UNVERIFIED_Pier_114,UNVERIFIED_Pier_119|UNVERIFIED_Pier_118,70.56368588243186,5.599994659423828,7.9999847412109375,8.000015258789062,long_gap_check_missing_supports,False
SPAN_MODEL_019,DECK_48776360,UNVERIFIED_Pier_119|UNVERIFIED_Pier_118,UNVERIFIED_Pier_122|UNVERIFIED_Pier_123,70.56375013568709,5.599994659423828,7.9999847412109375,8.000015258789062,long_gap_check_missing_supports,False
SPAN_MODEL_020,DECK_48776372,UNVERIFIED_Pier_203|UNVERIFIED_Pier_202,UNVERIFIED_Pier_207|UNVERIFIED_Pier_206,70.82953356900293,5.599996566772461,7.9999847412109375,8.000015258789062,long_gap_check_missing_supports,False
SPAN_MODEL_021,DECK_48776372,UNVERIFIED_Pier_207|UNVERIFIED_Pier_206,UNVERIFIED_Pier_211|UNVERIFIED_Pier_210,70.82974441331521,5.599996566772461,7.999992370605469,8.000007629394531,long_gap_check_missing_supports,False
SPAN_MODEL_022,DECK_48776372,UNVERIFIED_Pier_211|UNVERIFIED_Pier_210,UNVERIFIED_Pier_214|UNVERIFIED_Pier_215,70.82967454260029,5.599998474121094,7.9999847412109375,8.000015258789062,long_gap_check_missing_supports,False
SPAN_MODEL_023,DECK_48776372,UNVERIFIED_Pier_214|UNVERIFIED_Pier_215,UNVERIFIED_Pier_219|UNVERIFIED_Pier_218,70.83001513095496,5.599996566772461,7.9999847412109375,8.000007629394531,long_gap_check_missing_supports,False
SPAN_MODEL_024,DECK_48776372,UNVERIFIED_Pier_219|UNVERIFIED_Pier_218,UNVERIFIED_Pier_234|UNVERIFIED_Pier_235,283.31789566636144,5.4199981689453125,7.9999847412109375,8.000007629394531,long_gap_check_missing_supports|ground_surface_missing_at_some_samples,False
SPAN_MODEL_025,DECK_48776372,UNVERIFIED_Pier_234|UNVERIFIED_Pier_235,UNVERIFIED_Pier_239|UNVERIFIED_Pier_238,70.82949476658723,5.41999626159668,7.999992370605469,8.000007629394531,long_gap_check_missing_supports,False
SPAN_MODEL_026,DECK_48776372,UNVERIFIED_Pier_239|UNVERIFIED_Pier_238,UNVERIFIED_Pier_242|UNVERIFIED_Pier_243,70.82957991669036,5.41999626159668,7.9999847412109375,8.000007629394531,long_gap_check_missing_supports,False
SPAN_MODEL_027,DECK_48776372,UNVERIFIED_Pier_242|UNVERIFIED_Pier_243,UNVERIFIED_Pier_247|UNVERIFIED_Pier_246,70.82947504132994,5.599994659423828,7.9999847412109375,8.000015258789062,long_gap_check_missing_supports,False
SPAN_MODEL_028,DECK_48776372,UNVERIFIED_Pier_247|UNVERIFIED_Pier_246,UNVERIFIED_Pier_250|UNVERIFIED_Pier_251,70.82985294224613,5.599998474121094,7.9999847412109375,8.000015258789062,long_gap_check_missing_supports,False
SPAN_MODEL_029,DECK_48776372,UNVERIFIED_Pier_250|UNVERIFIED_Pier_251,UNVERIFIED_Pier_254|UNVERIFIED_Pier_255,70.82994490919828,5.419994354248047,7.999992370605469,8.000007629394531,long_gap_check_missing_supports,False
SPAN_MODEL_030,DECK_51362369,UNVERIFIED_Pier_281|UNVERIFIED_Pier_280,UNVERIFIED_Pier_283|UNVERIFIED_Pier_282,35.0658345824491,5.41999626159668,7.9999847412109375,8.000015258789062,,False
SPAN_MODEL_031,DECK_51362369,UNVERIFIED_Pier_283|UNVERIFIED_Pier_282,UNVERIFIED_Pier_289|UNVERIFIED_Pier_288,105.19743561936235,5.4199981689453125,7.9999847412109375,8.000007629394531,long_gap_check_missing_supports|ground_surface_missing_at_some_samples,False
SPAN_MODEL_032,DECK_51362369,UNVERIFIED_Pier_289|UNVERIFIED_Pier_288,UNVERIFIED_Pier_294|UNVERIFIED_Pier_295,105.19788480862633,5.419994354248047,7.999992370605469,8.000007629394531,long_gap_check_missing_supports|ground_surface_missing_at_some_samples,False
SPAN_MODEL_033,DECK_51362369,UNVERIFIED_Pier_294|UNVERIFIED_Pier_295,UNVERIFIED_Pier_307|UNVERIFIED_Pier_306,210.39499054989483,5.4199981689453125,7.9999847412109375,8.000015258789062,long_gap_check_missing_supports|ground_surface_missing_at_some_samples,False
SPAN_MODEL_034,DECK_51919155,UNVERIFIED_Pier_313|UNVERIFIED_Pier_312,UNVERIFIED_Pier_319|UNVERIFIED_Pier_318,109.17194705474938,,7.999992370605469,8.000007629394531,ambiguous_pier_to_deck_assignment|long_gap_check_missing_supports|ground_surface_missing_at_some_samples,False
SPAN_MODEL_035,DECK_51919155,UNVERIFIED_Pier_319|UNVERIFIED_Pier_318,UNVERIFIED_Pier_324|UNVERIFIED_Pier_325,109.17030562585906,,7.999992370605469,8.000007629394531,long_gap_check_missing_supports|ground_surface_missing_at_some_samples,False
SPAN_MODEL_036,DECK_51919155,UNVERIFIED_Pier_324|UNVERIFIED_Pier_325,UNVERIFIED_Pier_331|UNVERIFIED_Pier_330,109.17268188105948,,7.999992370605469,8.000015258789062,long_gap_check_missing_supports|ground_surface_missing_at_some_samples,False
SPAN_MODEL_037,DECK_51919155,UNVERIFIED_Pier_331|UNVERIFIED_Pier_330,UNVERIFIED_Pier_337|UNVERIFIED_Pier_336,109.1724104777602,,7.9999847412109375,8.000015258789062,long_gap_check_missing_supports|ground_surface_missing_at_some_samples,False
SPAN_MODEL_038,DECK_51919155,UNVERIFIED_Pier_337|UNVERIFIED_Pier_336,UNVERIFIED_Pier_339|UNVERIFIED_Pier_338,36.390732978093524,,7.9999847412109375,8.000007629394531,ground_surface_missing_at_some_samples,False
SPAN_MODEL_039,DECK_51919155,UNVERIFIED_Pier_339|UNVERIFIED_Pier_338,UNVERIFIED_Pier_341|UNVERIFIED_Pier_340,36.3907477418428,,7.9999847412109375,8.000015258789062,ground_surface_missing_at_some_samples,False
SPAN_MODEL_040,DECK_51919155,UNVERIFIED_Pier_341|UNVERIFIED_Pier_340,UNVERIFIED_Pier_342|UNVERIFIED_Pier_343,36.39175758987733,,7.9999847412109375,8.000007629394531,ground_surface_missing_at_some_samples,False
SPAN_MODEL_041,DECK_51919155,UNVERIFIED_Pier_342|UNVERIFIED_Pier_343,UNVERIFIED_Pier_344|UNVERIFIED_Pier_345,36.39065076623058,5.599994659423828,7.9999847412109375,8.000007629394531,ground_surface_missing_at_some_samples,False
SPAN_MODEL_042,DECK_51919155,UNVERIFIED_Pier_344|UNVERIFIED_Pier_345,UNVERIFIED_Pier_346|UNVERIFIED_Pier_347,36.390781872972525,5.599994659423828,7.999992370605469,8.000007629394531,,False
SPAN_MODEL_043,DECK_51919155,UNVERIFIED_Pier_346|UNVERIFIED_Pier_347,UNVERIFIED_Pier_348|UNVERIFIED_Pier_349,36.39071079173334,5.599994659423828,7.999992370605469,8.000007629394531,,False
SPAN_MODEL_044,DECK_51919155,UNVERIFIED_Pier_348|UNVERIFIED_Pier_349,UNVERIFIED_Pier_350|UNVERIFIED_Pier_351,36.39071631960155,5.599996566772461,7.999992370605469,8.000007629394531,,False
SPAN_MODEL_045,DECK_51919155,UNVERIFIED_Pier_350|UNVERIFIED_Pier_351,UNVERIFIED_Pier_352|UNVERIFIED_Pier_353,36.390765289368005,5.599996566772461,7.999992370605469,8.000007629394531,,False
SPAN_MODEL_046,DECK_51919155,UNVERIFIED_Pier_352|UNVERIFIED_Pier_353,UNVERIFIED_Pier_623,36.23015624759512,5.599996566772461,7.999992370605469,8.000007629394531,ambiguous_pier_to_deck_assignment,False
SPAN_MODEL_047,DECK_160053377,UNVERIFIED_Pier_700|UNVERIFIED_Pier_357,UNVERIFIED_Pier_363|UNVERIFIED_Pier_362,105.21632876589858,,7.9999847412109375,8.000015258789062,ambiguous_pier_to_deck_assignment|long_gap_check_missing_supports|ground_surface_missing_at_some_samples,False
SPAN_MODEL_048,DECK_160053377,UNVERIFIED_Pier_363|UNVERIFIED_Pier_362,UNVERIFIED_Pier_368|UNVERIFIED_Pier_369,105.21641465382413,,7.9999847412109375,8.000015258789062,long_gap_check_missing_supports|ground_surface_missing_at_some_samples,False
SPAN_MODEL_049,DECK_160053377,UNVERIFIED_Pier_368|UNVERIFIED_Pier_369,UNVERIFIED_Pier_374|UNVERIFIED_Pier_375,105.2158236697648,,7.9999847412109375,8.000015258789062,long_gap_check_missing_supports|ground_surface_missing_at_some_samples,False
SPAN_MODEL_050,DECK_160053377,UNVERIFIED_Pier_374|UNVERIFIED_Pier_375,UNVERIFIED_Pier_380|UNVERIFIED_Pier_381,105.2162551287629,,7.9999847412109375,8.000007629394531,long_gap_check_missing_supports|ground_surface_missing_at_some_samples,False
SPAN_MODEL_051,DECK_160053377,UNVERIFIED_Pier_380|UNVERIFIED_Pier_381,UNVERIFIED_Pier_387|UNVERIFIED_Pier_386,105.21671102579359,5.4199981689453125,7.999992370605469,8.000015258789062,long_gap_check_missing_supports|ground_surface_missing_at_some_samples,False
SPAN_MODEL_052,DECK_160053377,UNVERIFIED_Pier_387|UNVERIFIED_Pier_386,UNVERIFIED_Pier_392|UNVERIFIED_Pier_393,105.21568007595761,5.4199981689453125,7.9999847412109375,8.000007629394531,long_gap_check_missing_supports,False
SPAN_MODEL_053,DECK_160053377,UNVERIFIED_Pier_392|UNVERIFIED_Pier_393,UNVERIFIED_Pier_395|UNVERIFIED_Pier_394,35.072272648601825,5.599994659423828,7.999992370605469,8.000007629394531,,False
SPAN_MODEL_054,DECK_160053377,UNVERIFIED_Pier_395|UNVERIFIED_Pier_394,UNVERIFIED_Pier_397|UNVERIFIED_Pier_396,35.0722660821549,5.419994354248047,7.999992370605469,8.000007629394531,,False
SPAN_MODEL_055,DECK_160053377,UNVERIFIED_Pier_397|UNVERIFIED_Pier_396,UNVERIFIED_Pier_399|UNVERIFIED_Pier_398,35.07202437687215,5.419994354248047,7.9999847412109375,8.000007629394531,,False
SPAN_MODEL_056,DECK_160053377,UNVERIFIED_Pier_399|UNVERIFIED_Pier_398,UNVERIFIED_Pier_400|UNVERIFIED_Pier_401,35.0720276600955,5.41999626159668,7.9999847412109375,8.000007629394531,,False
SPAN_MODEL_057,DECK_160053377,UNVERIFIED_Pier_400|UNVERIFIED_Pier_401,UNVERIFIED_Pier_403|UNVERIFIED_Pier_402,35.0722377974605,5.4199981689453125,7.999992370605469,8.000007629394531,,False
SPAN_MODEL_058,DECK_160053377,UNVERIFIED_Pier_403|UNVERIFIED_Pier_402,UNVERIFIED_Pier_405|UNVERIFIED_Pier_404,35.07202793471231,5.420000076293945,7.999992370605469,8.000007629394531,,False
SPAN_MODEL_059,DECK_160053377,UNVERIFIED_Pier_405|UNVERIFIED_Pier_404,UNVERIFIED_Pier_408|UNVERIFIED_Pier_409,70.14425450597957,5.599996566772461,7.9999847412109375,8.000015258789062,long_gap_check_missing_supports|ground_surface_missing_at_some_samples,False
SPAN_MODEL_060,DECK_160053377,UNVERIFIED_Pier_408|UNVERIFIED_Pier_409,UNVERIFIED_Pier_413|UNVERIFIED_Pier_412,70.14438896824299,5.599996566772461,7.999992370605469,8.000015258789062,long_gap_check_missing_supports,False
SPAN_MODEL_061,DECK_160053377,UNVERIFIED_Pier_413|UNVERIFIED_Pier_412,UNVERIFIED_Pier_414|UNVERIFIED_Pier_415,35.072414613073306,5.599994659423828,7.9999847412109375,8.000015258789062,ground_surface_missing_at_some_samples,False
SPAN_MODEL_062,DECK_160053377,UNVERIFIED_Pier_414|UNVERIFIED_Pier_415,UNVERIFIED_Pier_416|UNVERIFIED_Pier_417,35.07211244369296,5.599994659423828,7.999992370605469,8.000007629394531,,False
SPAN_MODEL_063,DECK_160053377,UNVERIFIED_Pier_416|UNVERIFIED_Pier_417,UNVERIFIED_Pier_419|UNVERIFIED_Pier_418,35.072197140566686,5.599996566772461,7.999992370605469,8.000007629394531,ground_surface_missing_at_some_samples,False
SPAN_MODEL_064,DECK_160053377,UNVERIFIED_Pier_419|UNVERIFIED_Pier_418,UNVERIFIED_Pier_420|UNVERIFIED_Pier_421,35.07200722525022,5.599996566772461,7.9999847412109375,8.000007629394531,,False
SPAN_MODEL_065,DECK_160053377,UNVERIFIED_Pier_420|UNVERIFIED_Pier_421,UNVERIFIED_Pier_422|UNVERIFIED_Pier_423,35.07222453860845,5.599996566772461,7.9999847412109375,8.000007629394531,,False
SPAN_MODEL_066,DECK_160053377,UNVERIFIED_Pier_422|UNVERIFIED_Pier_423,UNVERIFIED_Pier_424|UNVERIFIED_Pier_425,35.07219558854467,5.599996566772461,7.9999847412109375,8.000007629394531,,False
SPAN_MODEL_067,DECK_160053377,UNVERIFIED_Pier_424|UNVERIFIED_Pier_425,UNVERIFIED_Pier_426|UNVERIFIED_Pier_427,35.07286228420162,5.420000076293945,7.9999847412109375,8.000015258789062,,False
SPAN_MODEL_068,DECK_160053377,UNVERIFIED_Pier_426|UNVERIFIED_Pier_427,UNVERIFIED_Pier_428|UNVERIFIED_Pier_429,35.071892046240464,5.4199981689453125,7.999992370605469,8.000015258789062,,False
SPAN_MODEL_069,DECK_160053377,UNVERIFIED_Pier_428|UNVERIFIED_Pier_429,UNVERIFIED_Pier_430|UNVERIFIED_Pier_431,35.071901978692495,5.420000076293945,7.999992370605469,8.000007629394531,,False
SPAN_MODEL_070,DECK_160053377,UNVERIFIED_Pier_430|UNVERIFIED_Pier_431,UNVERIFIED_Pier_432|UNVERIFIED_Pier_433,35.07213609559835,5.41999626159668,7.999992370605469,8.000007629394531,ground_surface_missing_at_some_samples,False
SPAN_MODEL_071,DECK_160053377,UNVERIFIED_Pier_432|UNVERIFIED_Pier_433,UNVERIFIED_Pier_434|UNVERIFIED_Pier_435,35.07189204624024,5.41999626159668,7.999992370605469,8.000015258789062,ground_surface_missing_at_some_samples,False
SPAN_MODEL_072,DECK_160053377,UNVERIFIED_Pier_434|UNVERIFIED_Pier_435,UNVERIFIED_Pier_439|UNVERIFIED_Pier_438,70.14405537268021,5.599994659423828,7.9999847412109375,8.000015258789062,long_gap_check_missing_supports,False
SPAN_MODEL_073,DECK_160053377,UNVERIFIED_Pier_439|UNVERIFIED_Pier_438,UNVERIFIED_Pier_440|UNVERIFIED_Pier_441,35.072414742592855,5.599994659423828,7.999992370605469,8.000015258789062,ground_surface_missing_at_some_samples,False
SPAN_MODEL_074,DECK_160053377,UNVERIFIED_Pier_440|UNVERIFIED_Pier_441,UNVERIFIED_Pier_459|UNVERIFIED_Pier_458,315.6478766907078,5.4199981689453125,7.999992370605469,8.000015258789062,long_gap_check_missing_supports|ground_surface_missing_at_some_samples,False
SPAN_MODEL_075,DECK_160053390,UNVERIFIED_Pier_464,UNVERIFIED_Pier_583,48.76784597731623,,7.9999847412109375,8.000007629394531,ambiguous_pier_to_deck_assignment|ground_surface_missing_at_some_samples,False
SPAN_MODEL_076,DECK_160053390,UNVERIFIED_Pier_583,UNVERIFIED_Pier_470,69.25923179159761,,7.9999847412109375,8.000007629394531,ambiguous_pier_to_deck_assignment|long_gap_check_missing_supports|ground_surface_missing_at_some_samples,False
SPAN_MODEL_077,DECK_160053390,UNVERIFIED_Pier_470,UNVERIFIED_Pier_472,39.34234280427091,,7.9999847412109375,8.000007629394531,ambiguous_pier_to_deck_assignment|ground_surface_missing_at_some_samples,False
SPAN_MODEL_078,DECK_160053390,UNVERIFIED_Pier_472,UNVERIFIED_Pier_577,5.340368293949865,,7.9999847412109375,8.000007629394531,ambiguous_pier_to_deck_assignment|ground_surface_missing_at_some_samples,False
SPAN_MODEL_079,DECK_160053390,UNVERIFIED_Pier_577,UNVERIFIED_Pier_476,73.34539792214494,,7.9999847412109375,8.000007629394531,ambiguous_pier_to_deck_assignment|long_gap_check_missing_supports|ground_surface_missing_at_some_samples,False
SPAN_MODEL_080,DECK_204711191,UNVERIFIED_Pier_492|UNVERIFIED_Pier_493,UNVERIFIED_Pier_499|UNVERIFIED_Pier_498,105.85289749562514,,7.9999847412109375,8.000015258789062,long_gap_check_missing_supports|ground_surface_missing_at_some_samples,False
SPAN_MODEL_081,DECK_204711191,UNVERIFIED_Pier_499|UNVERIFIED_Pier_498,UNVERIFIED_Pier_504|UNVERIFIED_Pier_505,105.85008239431897,,7.9999847412109375,8.000015258789062,long_gap_check_missing_supports|ground_surface_missing_at_some_samples,False
SPAN_MODEL_082,DECK_204711191,UNVERIFIED_Pier_504|UNVERIFIED_Pier_505,UNVERIFIED_Pier_510|UNVERIFIED_Pier_511,105.84923117778465,,7.9999847412109375,8.000015258789062,long_gap_check_missing_supports|ground_surface_missing_at_some_samples,False
SPAN_MODEL_083,DECK_204711194,UNVERIFIED_Pier_518|UNVERIFIED_Pier_519,UNVERIFIED_Pier_523|UNVERIFIED_Pier_522,73.00973495666877,5.599996566772461,7.999992370605469,8.000007629394531,long_gap_check_missing_supports,False
SPAN_MODEL_084,DECK_204711194,UNVERIFIED_Pier_523|UNVERIFIED_Pier_522,UNVERIFIED_Pier_525|UNVERIFIED_Pier_524,36.50479690612846,5.4199981689453125,7.9999847412109375,8.000015258789062,,False
SPAN_MODEL_085,DECK_204711194,UNVERIFIED_Pier_525|UNVERIFIED_Pier_524,UNVERIFIED_Pier_527|UNVERIFIED_Pier_526,36.50468736689345,5.420000076293945,7.9999847412109375,8.000015258789062,,False
SPAN_MODEL_086,DECK_204711194,UNVERIFIED_Pier_527|UNVERIFIED_Pier_526,UNVERIFIED_Pier_529|UNVERIFIED_Pier_528,36.5048431252043,5.599996566772461,7.999992370605469,8.000015258789062,,False
SPAN_MODEL_087,DECK_204711194,UNVERIFIED_Pier_529|UNVERIFIED_Pier_528,UNVERIFIED_Pier_534|UNVERIFIED_Pier_535,109.5155387962046,5.599994659423828,7.999992370605469,8.000015258789062,long_gap_check_missing_supports|ground_surface_missing_at_some_samples,False
SPAN_MODEL_088,DECK_204711194,UNVERIFIED_Pier_534|UNVERIFIED_Pier_535,UNVERIFIED_Pier_541|UNVERIFIED_Pier_540,109.5144857944552,5.599994659423828,7.999992370605469,8.000007629394531,long_gap_check_missing_supports|ground_surface_missing_at_some_samples,False
SPAN_MODEL_089,DECK_252494927,UNVERIFIED_Pier_477,UNVERIFIED_Pier_471,118.10873667306416,,7.999992370605469,8.000015258789062,ambiguous_pier_to_deck_assignment|long_gap_check_missing_supports|ground_surface_missing_at_some_samples,False
SPAN_MODEL_090,DECK_252494927,UNVERIFIED_Pier_471,UNVERIFIED_Pier_582,69.23880129822568,,7.999992370605469,8.000015258789062,ambiguous_pier_to_deck_assignment|long_gap_check_missing_supports|ground_surface_missing_at_some_samples,False
SPAN_MODEL_091,DECK_906806085,UNVERIFIED_Pier_642|UNVERIFIED_Pier_643,UNVERIFIED_Pier_648|UNVERIFIED_Pier_649,114.34701480978529,5.41999626159668,7.999992370605469,8.000007629394531,long_gap_check_missing_supports,False
SPAN_MODEL_092,DECK_906806087,UNVERIFIED_Pier_460,UNVERIFIED_Pier_658|UNVERIFIED_Pier_659,34.99033222685114,5.4199981689453125,7.999992370605469,8.000007629394531,ambiguous_pier_to_deck_assignment,False
SPAN_MODEL_093,DECK_906806087,UNVERIFIED_Pier_658|UNVERIFIED_Pier_659,UNVERIFIED_Pier_661|UNVERIFIED_Pier_660,35.029427299821265,5.4199981689453125,7.999992370605469,8.000007629394531,,False
SPAN_MODEL_094,DECK_906806087,UNVERIFIED_Pier_661|UNVERIFIED_Pier_660,UNVERIFIED_Pier_667|UNVERIFIED_Pier_666,105.08718372089662,5.4199981689453125,7.999992370605469,8.000007629394531,long_gap_check_missing_supports,False
SPAN_MODEL_095,DECK_906806087,UNVERIFIED_Pier_667|UNVERIFIED_Pier_666,UNVERIFIED_Pier_673|UNVERIFIED_Pier_672,105.08802867851293,5.4199981689453125,7.9999847412109375,8.000007629394531,long_gap_check_missing_supports|ground_surface_missing_at_some_samples,False
SPAN_MODEL_096,DECK_1272677946,UNVERIFIED_Pier_465,UNVERIFIED_Pier_680|UNVERIFIED_Pier_681,62.98676816063491,,7.9999847412109375,8.000007629394531,long_gap_check_missing_supports|ground_surface_missing_at_some_samples,False
SPAN_MODEL_097,DECK_1272677946,UNVERIFIED_Pier_680|UNVERIFIED_Pier_681,UNVERIFIED_Pier_685|UNVERIFIED_Pier_684,73.9462813535792,,7.9999847412109375,8.000007629394531,long_gap_check_missing_supports|ground_surface_missing_at_some_samples,False
SPAN_MODEL_098,DECK_1272677946,UNVERIFIED_Pier_685|UNVERIFIED_Pier_684,UNVERIFIED_Pier_688|UNVERIFIED_Pier_689,73.94577936313414,,7.999992370605469,8.000007629394531,long_gap_check_missing_supports|ground_surface_missing_at_some_samples,False
SPAN_MODEL_099,DECK_1272677946,UNVERIFIED_Pier_688|UNVERIFIED_Pier_689,UNVERIFIED_Pier_692|UNVERIFIED_Pier_693,73.94650581490023,,7.9999847412109375,8.000007629394531,long_gap_check_missing_supports|ground_surface_missing_at_some_samples,False
SPAN_MODEL_100,DECK_1272677946,UNVERIFIED_Pier_692|UNVERIFIED_Pier_693,UNVERIFIED_Pier_695|UNVERIFIED_Pier_694,36.972554296390115,,7.999992370605469,8.000015258789062,ground_surface_missing_at_some_samples,False
SPAN_MODEL_101,DECK_1272682373,UNVERIFIED_Pier_706|UNVERIFIED_Pier_707,UNVERIFIED_Pier_714|UNVERIFIED_Pier_715,146.64393055332684,,7.999992370605469,8.000007629394531,long_gap_check_missing_supports|ground_surface_missing_at_some_samples,False
SPAN_MODEL_102,DECK_1272682373,UNVERIFIED_Pier_714|UNVERIFIED_Pier_715,UNVERIFIED_Pier_718|UNVERIFIED_Pier_719,73.32157256948392,,7.999992370605469,8.000007629394531,long_gap_check_missing_supports|ground_surface_missing_at_some_samples,False
SPAN_MODEL_103,DECK_1272682373,UNVERIFIED_Pier_718|UNVERIFIED_Pier_719,UNVERIFIED_Pier_259,72.97341907558439,,7.999992370605469,8.000007629394531,ambiguous_pier_to_deck_assignment|long_gap_check_missing_supports|ground_surface_missing_at_some_samples,False
SPAN_MODEL_104,DECK_1272682374,UNVERIFIED_Pier_726|UNVERIFIED_Pier_727,UNVERIFIED_Pier_729|UNVERIFIED_Pier_728,35.96495964575007,5.419994354248047,7.9999847412109375,8.000015258789062,,False
SPAN_MODEL_105,DECK_1272682374,UNVERIFIED_Pier_729|UNVERIFIED_Pier_728,UNVERIFIED_Pier_731|UNVERIFIED_Pier_730,35.96458522047905,5.41999626159668,7.999992370605469,8.000007629394531,,False
SPAN_MODEL_106,DECK_1272682374,UNVERIFIED_Pier_731|UNVERIFIED_Pier_730,UNVERIFIED_Pier_733|UNVERIFIED_Pier_732,35.96448148563556,5.41999626159668,7.999992370605469,8.000015258789062,,False
SPAN_MODEL_107,DECK_1272682374,UNVERIFIED_Pier_733|UNVERIFIED_Pier_732,UNVERIFIED_Pier_734|UNVERIFIED_Pier_735,35.96468006392382,5.41999626159668,7.999992370605469,8.000007629394531,ground_surface_missing_at_some_samples,False
SPAN_MODEL_108,DECK_1272682374,UNVERIFIED_Pier_734|UNVERIFIED_Pier_735,UNVERIFIED_Pier_737|UNVERIFIED_Pier_736,35.96480307156179,5.4199981689453125,7.999992370605469,8.000015258789062,ground_surface_missing_at_some_samples,False
SPAN_MODEL_109,DECK_1272682374,UNVERIFIED_Pier_737|UNVERIFIED_Pier_736,UNVERIFIED_Pier_738|UNVERIFIED_Pier_739,35.96501260740192,5.4199981689453125,7.9999847412109375,8.000015258789062,ground_surface_missing_at_some_samples,False
SPAN_MODEL_110,DECK_48776360|DECK_906806087,UNVERIFIED_Pier_674,UNVERIFIED_Pier_673|UNVERIFIED_Pier_672,35.0955803743328,5.600000381469727,7.999977111816406,8.000015258789062,ambiguous_pier_to_deck_assignment,False
SPAN_MODEL_111,DECK_51362369|DECK_668070774,UNVERIFIED_Pier_307|UNVERIFIED_Pier_306,UNVERIFIED_Pier_310,70.15760930059537,5.420000076293945,7.999992370605469,8.000015258789062,ambiguous_pier_to_deck_assignment|long_gap_check_missing_supports|ground_surface_missing_at_some_samples,False
SPAN_MODEL_112,DECK_51919155|DECK_668070788,UNVERIFIED_Pier_623,UNVERIFIED_Pier_624|UNVERIFIED_Pier_625,36.49613299358816,5.599996566772461,7.9999847412109375,8.000015258789062,ambiguous_pier_to_deck_assignment,False
SPAN_MODEL_113,DECK_160053377|DECK_906806087,UNVERIFIED_Pier_459|UNVERIFIED_Pier_458,UNVERIFIED_Pier_460,35.111048939818986,5.4199981689453125,7.999992370605469,8.000015258789062,ambiguous_pier_to_deck_assignment|ground_surface_missing_at_some_samples,False
SPAN_MODEL_114,DECK_204711194|DECK_668070788,UNVERIFIED_Pier_518|UNVERIFIED_Pier_519,UNVERIFIED_Pier_624|UNVERIFIED_Pier_625,72.83960614279354,5.599998474121094,7.9999847412109375,8.000015258789062,long_gap_check_missing_supports,False
SPAN_MODEL_115,DECK_252494927|DECK_1272677946,UNVERIFIED_Pier_582,UNVERIFIED_Pier_465,48.94049931805725,,7.999992370605469,8.000015258789062,ambiguous_pier_to_deck_assignment|ground_surface_missing_at_some_samples,False
